{"nll_scratch": 4.601291656494141, "train_losses": [9.85544033050537, 5.7330557346344, 5.059879207611084, 4.642000722885132, 4.440119791030884, 4.210171461105347, 4.144609785079956, 3.9996030807495115, 3.9226311922073362, 3.82158362865448, 3.7174509525299073, 3.6245357751846314, 3.5536507606506347, 3.4542941808700562, 3.435087490081787, 3.3290580987930296, 3.293063688278198, 3.198901343345642, 3.1781977653503417, 3.1301619529724123, 2.9901060342788695], "val_losses": [9.800375270843507, 5.880551433563232, 5.34795994758606, 5.00674033164978, 4.837233448028565, 4.755380773544312, 4.632474899291992, 4.659438562393189, 4.623051404953003, 4.596606731414795, 4.555151176452637, 4.524062728881836, 4.541871452331543, 4.535712957382202, 4.554814720153809, 4.4998311519622805, 4.570107460021973, 4.5541552066802975, 4.576635885238647, 4.6478667736053465, 4.541425275802612]}